productos_precio_lista,sucursales_latitud,sucursales_longitud
1449.00,-38.720681159154644,-62.392348765279166
1449.00,-38.7225,-62.289499999999975
1449.00,-38.72414512676858,-62.276518136698655
1492.00,-38.484317162798675,-61.892693142127996
1536.00,-37.76214567253496,-62.35464239711763
1449.00,-38.7364,-62.2697
1449.00,-38.7289,-62.27109999999999
1449.00,-38.70776946221014,-62.26739162209924
1449.00,-38.73543138360701,-62.23040688095091
1565.00,-39.505846974928296,-62.68522131449572
1449.00,-38.71263348653015,-62.257506122684504
1536.00,-37.66901520951271,-63.53782206773752
1449.00,-38.87821062395813,-62.06410991401674
1449.00,-38.715759146929834,-62.27162326850896
1449.00,-38.884896043742756,-62.07500262565617
1536.00,-36.78521552908544,-59.849216222719406
1536.00,-37.60295050923169,-62.40934926424029
1492.00,-38.71356528769891,-61.29378994979851
1449.00,-38.73337836454684,-62.26018774515978
1449.00,-38.731251517754664,-62.282264373016346
1536.00,-37.4607288597626,-61.93615024871826
1310.00,-38.3825,-60.2685
1536.00,-37.98374648245796,-61.3536998033851
1310.00,-38.3780,-60.2765
1536.00,-37.54617145444056,-62.770495176446275
1449.00,-38.73870376143402,-62.21698734722139
1449.00,-38.7185,-62.299800000000005
1449.00,-38.86010931134604,-62.08606410033099
1449.00,-38.7126,-62.281499999999994
1339.00,-36.89442050512447,-60.316321134632744
1536.00,-38.099077562900334,-62.21948575999704
1550.00,-38.994921652439295,-64.09936720119731
1449.00,-38.72810880771607,-62.22958583068851
1310.00,-38.3706,-60.2680
1449.00,-38.7055,-62.3028
1536.00,-37.976660596903315,-61.359823822713224
1536.00,-37.9854,-61.3540
1449.00,-38.7417,-62.2672
1449.00,-38.71603014882896,-62.248820006716414
1449.00,-38.72,-62.257799999999975
1536.00,-37.37872927469224,-64.60075950635655
1449.00,-38.7144,-62.262
1536.00,-36.788827761866905,-59.871529162628576
1449.00,-38.88662018086889,-62.07033719139872
1505.00,-36.6328,-64.3046
1449.00,-38.8816,-62.0847
1545.00,-38.8312350581498,-68.12051403520854
1505.00,-35.666879647168656,-63.77597430949379
1505.00,-36.62680105632192,-64.28720752117282
1536.00,-37.46528120231377,-61.93027533960344
1536.00,-37.24858428437731,-61.2608061433275
1492.00,-38.82795457624873,-62.695948720065644
1565.00,-39.91463597498252,-62.62024569512505
1536.00,-37.543647060773054,-60.79845738577575
1449.00,-38.68393932708354,-62.29150968720205
1449.00,-38.715215546949175,-62.26692634759752
1499.00,-30.941909789656144,-61.56712484058117
1447.99,-34.6650066,-58.3623175
1447.99,-34.4179366,-58.7255946
1275.00,-31.417021,-64.182915
1419.00,-34.567927,-58.448671
1275.00,-31.415769,-64.169505
1419.00,-34.622723,-58.496400
1608.00,-31.335048,-64.290168
1608.00,-31.408596,-64.170035
1419.00,-34.569917,-58.450469
1419.00,-34.594766,-58.406363
1419.00,-34.615549,-58.387978
1419.00,-34.632213,-58.491184
1275.00,-31.422938,-64.186857
1419.00,-34.568295,-58.444457
1419.00,-34.575307,-58.422856
1447.99,-34.519576,-58.7531003
1447.99,-34.654144,-58.4196788
1447.99,-34.6056255,-58.4135635
1365.00,-38.0002989,-57.5500575
1365.00,-38.0270803,-57.5395204
1575.00,-34.6173202,-58.3916913
1575.00,-34.6236734,-58.4014697
1575.00,-34.6024774,-58.4281829
1575.00,-34.6355238,-58.4889911
1575.00,-34.601775,-58.5618167
1575.00,-34.5994232,-58.4379841
1575.00,-34.6243386,-58.4725229
1575.00,-34.621573,-58.4278588
1575.00,-34.6235495,-58.5107956
1575.00,-34.6395755,-58.5276851
1575.00,-34.6031233,-58.4637523
1575.00,-34.7073674,-58.4181855
1575.00,-34.6322172,-58.4751124
1575.00,-34.6351629,-58.4383403
1575.00,-34.5831225,-58.4980504
1575.00,-34.6871711,-58.4769857
1575.00,-34.6235872,-58.4162756
1575.00,-34.4978183,-58.4892685
1575.00,-34.891004,-58.566485
1575.00,-34.8702073,-57.8808734
1575.00,-34.6673153,-58.5306422
1575.00,-34.6524097,-58.5033599
1575.00,-34.6760405,-58.47618
1575.00,-34.6147863,-58.4787121
1575.00,-34.6058424,-58.4533825
1575.00,-34.6927276,-58.6077235
1575.00,-34.860558,-57.9032607
1575.00,-34.6436537,-58.4927124
1575.00,-34.615999,-58.408296
1575.00,-34.7793172,-58.3102963
1575.00,-34.562834,-58.6101726
1575.00,-34.7482106,-58.5884615
1575.00,-34.6612587,-58.7263109
1575.00,-34.47267,-58.762683
1575.00,-34.6307077,-58.5897402
1575.00,-34.6049604,-58.4208375
1575.00,-34.7073192,-58.5165375
1575.00,-34.8068123,-58.301815
1575.00,-34.6653764,-58.4427103
1575.00,-34.5744356,-58.5744848
1575.00,-34.7520628,-58.2343069
1575.00,-34.8519579,-58.5222721
1575.00,-34.4195453,-58.7286033
1575.00,-34.9105116,-58.5930473
1575.00,-34.6674682,-58.4734538
1575.00,-34.532479,-58.575497
1575.00,-34.6089665,-58.4414318
1575.00,-34.4517657,-58.7974943
1575.00,-34.829305,-58.228639
1575.00,-34.58276,-58.658565
1575.00,-34.65598,-58.762382
1575.00,-34.4982986,-58.6389961
1575.00,-34.5317321,-58.7221086
1575.00,-35.0221052,-58.4204728
1575.00,-34.5911652,-58.5591593
1575.00,-34.8032345,-58.4494122
1575.00,-34.5694121,-58.477915
1575.00,-34.5856526,-58.747632
1575.00,-34.5918835,-58.4474593
1575.00,-34.391595,-58.738736
1575.00,-34.5685513,-58.4928642
1575.00,-34.499386,-58.69522
1575.00,-34.7064894,-58.3900009
1575.00,-34.7652851,-58.1979191
1575.00,-34.4574987,-58.6816499
1575.00,-34.7146631,-58.3722024
1575.00,-34.6699182,-58.4111022
1575.00,-34.6182294,-58.5442501
1575.00,-34.504514,-58.6671114
1575.00,-34.6463432,-58.4673468
1575.00,-34.6486865,-58.4884177
1575.00,-34.5504223,-58.5525115
1575.00,-34.6798995,-58.5108719
1575.00,-34.6344047,-58.3914525
1575.00,-34.421868,-58.741774
1575.00,-34.4523413,-58.5395479
1575.00,-34.586783,-58.576382
1575.00,-34.4103806,-58.6863928
1575.00,-34.59312,-58.571361
1575.00,-34.6887773,-58.3806075
1575.00,-34.7212849,-58.3629215
1575.00,-34.6480353,-58.5641947
1575.00,-34.5098719,-58.5775618
1575.00,-34.5089427,-58.4918272
1575.00,-34.638963,-58.737751
1575.00,-34.594997,-58.4196875
1575.00,-38.0419852,-57.5476181
1575.00,-34.792414,-58.310215
1575.00,-35.169002,-58.231875
1575.00,-34.635247,-58.860948
1575.00,-34.7997695,-58.3959092
1575.00,-37.9876162,-57.560025
1575.00,-34.494028,-58.704919
1575.00,-34.42054,-58.868762
1575.00,-34.6109309,-58.4168101
1575.00,-34.6190759,-58.3729926
1575.00,-36.0186812,-59.0945984
1575.00,-34.531295,-58.555112
1575.00,-34.6423398,-58.4555196
1575.00,-34.5698714,-58.5479156
1575.00,-34.6373762,-58.3697099
1575.00,-34.7204095,-58.4628685
1575.00,-33.225442,-60.332344
1575.00,-34.653951,-59.432368
1575.00,-35.1172245,-60.4858734
1575.00,-34.0980349,-59.02444
1575.00,-34.6300176,-58.4873541
1575.00,-34.6052957,-58.4740289
1575.00,-34.887216,-58.384251
1575.00,-34.173214,-59.795796
1575.00,-34.6230067,-58.4612086
1575.00,-33.459792,-61.488451
1575.00,-35.00172,-61.03402
1575.00,-34.1959,-60.732517
1575.00,-34.5907998,-58.4353056
1575.00,-34.6178375,-58.4425506
1575.00,-34.061751,-60.104689
1575.00,-33.75,-61.965641
1575.00,-34.5773372,-58.5032059
1575.00,-35.767071,-58.493309
1575.00,-35.398366,-59.330897
1575.00,-34.6266864,-58.4245818
1575.00,-34.6051859,-58.3847811
1575.00,-34.6401732,-58.4813056
1575.00,-36.7810658,-59.8595911
1575.00,-34.6298211,-58.3980513
1575.00,-34.5971041,-58.3947861
1575.00,-34.4692902,-58.6512228
1575.00,-34.5880694,-58.4205839
1575.00,-37.317411,-59.134689
1575.00,-34.5555822,-58.4554028
1575.00,-34.5479546,-58.4689903
1575.00,-37.8407516,-58.2562523
1575.00,-34.6346734,-60.4642224
1575.00,-34.4527672,-58.9079006
1575.00,-34.5863049,-58.4109701
1575.00,-34.5667734,-58.4335617
1575.00,-34.6154894,-58.4376446
1575.00,-37.671562,-59.807378
1575.00,-34.578467,-58.4634818
1575.00,-34.6251504,-58.3726168
1575.00,-36.894088,-60.322967
1575.00,-34.5766733,-58.4315629
1575.00,-34.6144399,-58.4608499
1575.00,-34.6123916,-58.3947104
1575.00,-34.6552174,-58.5223907
1575.00,-34.6182412,-58.4699422
1575.00,-34.5911227,-58.4978318
1575.00,-32.397116,-59.792151
1575.00,-34.5945934,-58.4053499
1575.00,-32.6220245,-60.1570702
1575.00,-32.2147611,-58.2220274
1575.00,-32.160073,-58.402913
1575.00,-34.651709,-58.41803
1575.00,-34.5600965,-58.4714163
1575.00,-34.6253767,-58.3823011
1575.00,-34.5962353,-58.4115956
1575.00,-34.6214599,-58.3899576
1575.00,-34.6263387,-58.3789187
1575.00,-34.580357,-58.472993
1575.00,-34.6643978,-58.4489591
1575.00,-34.651054,-58.4712834
1575.00,-34.5971577,-58.4246163
1575.00,-34.6320434,-58.3608448
1575.00,-34.630166,-58.3855908
1575.00,-34.5718154,-58.5059748
1575.00,-34.5750195,-58.4833173
1575.00,-35.487759,-62.975086
1575.00,-34.6226946,-58.4315565
1575.00,-34.6377738,-58.4241346
1575.00,-34.5532062,-58.4647421
1575.00,-34.5698385,-58.4322732
1575.00,-34.6286214,-58.5058549
1575.00,-34.6325699,-58.4627288
1575.00,-34.6337695,-58.4816573
1575.00,-34.6036515,-58.405234
1575.00,-34.6530744,-58.4814134
1575.00,-34.6306283,-58.4692321
1575.00,-34.6182691,-58.476016
1575.00,-34.5580778,-58.4669991
1575.00,-34.5795405,-58.4310392
1575.00,-34.5978334,-58.442373
1575.00,-34.6021724,-58.3767232
1575.00,-34.6372315,-58.4157757
1575.00,-34.668423,-58.486858
1575.00,-34.5637332,-58.4567305
1575.00,-34.6299045,-58.3891921
1575.00,-34.6119685,-58.5279779
1575.00,-34.5727565,-58.4883282
1575.00,-34.577198,-58.4599651
1575.00,-34.5976686,-58.3781834
1575.00,-34.5672438,-58.4502161
1575.00,-34.583693,-58.4675266
1575.00,-34.6136307,-58.3746625
1575.00,-34.5827139,-58.4360493
1575.00,-34.56768,-58.4428269
1575.00,-34.55308,-58.48897
1575.00,-31.734235,-60.547349
1575.00,-34.5716404,-58.4831992
1575.00,-34.612793,-58.42542
1575.00,-32.920926,-60.812213
1575.00,-34.603357,-58.418825
1575.00,-36.777248,-59.088369
1575.00,-31.870218,-60.00852
1575.00,-34.6117242,-58.4332766
1575.00,-34.6510531,-58.4911522
1575.00,-37.449135,-57.72747
1575.00,-34.6047958,-58.3783133
1575.00,-34.6016761,-58.3971054
1575.00,-34.6550838,-58.4959797
1575.00,-34.6227658,-58.4965228
1575.00,-34.5998484,-58.3796545
1575.00,-34.5878485,-58.4270195
1575.00,-34.5701559,-58.4501603
1575.00,-34.668003,-58.5068737
1575.00,-34.6112838,-58.4743521
1575.00,-34.6006324,-58.3886005
1575.00,-34.6100864,-58.3878399
1575.00,-34.606897,-58.3937157
1575.00,-34.5768964,-58.475887
1575.00,-34.6094575,-58.3961317
1575.00,-34.5955928,-58.432102
1575.00,-34.6177626,-58.416892
1575.00,-34.5608571,-58.4631715
1575.00,-34.5653623,-58.4832909
1575.00,-34.6121897,-58.4693123
1575.00,-34.6116871,-58.381835
1575.00,-34.5512734,-58.4871771
1575.00,-34.5892217,-58.3834012
1575.00,-34.5823064,-58.4716114
1575.00,-34.639328,-58.512082
1575.00,-34.6366914,-58.4617314
1575.00,-34.5499895,-58.4532876
1575.00,-34.603977,-58.4403471
1575.00,-34.6384109,-58.5053285
1575.00,-34.6441987,-58.4986633
1575.00,-31.749003,-60.519333
1575.00,-34.6474444,-58.3763218
1575.00,-34.5568173,-58.4789878
1575.00,-34.5802113,-58.4100975
1575.00,-31.738721,-60.517162
1575.00,-34.601174,-58.412809
1575.00,-34.625231,-58.526688
1575.00,-34.680607,-58.478597
1575.00,-34.6433297,-58.485646
1575.00,-34.572029,-58.477695
1575.00,-34.577265,-58.405981
1575.00,-34.598418,-58.446234
1575.00,-34.629103,-58.439518
1575.00,-34.5999938,-58.4032685
1575.00,-30.945779,-58.788319
1575.00,-31.741699,-60.539829
1575.00,-34.633533,-58.410081
1575.00,-31.7680244,-60.5236609
1575.00,-34.621097,-58.4074379
1575.00,-34.5760437,-58.5072986
1575.00,-34.599332,-58.480486
1575.00,-34.5822652,-58.4202581
1575.00,-34.5977771,-58.4205029
1575.00,-33.0367417,-58.9981313
1575.00,-34.581169,-58.493252
1575.00,-34.5899574,-58.5167149
1575.00,-34.64101227,-58.42899124
1575.00,-34.5631748,-58.490732
1575.00,-29.7794731,-58.073937
1575.00,-34.620408,-58.52621
1575.00,-34.601131,-58.406988
1575.00,-31.768899,-60.433338
1575.00,-34.616311,-58.422577
1575.00,-34.608186,-58.444456
1575.00,-31.231412,-59.987265
1575.00,-34.629614,-58.425882
1575.00,-31.660324,-59.914562
1575.00,-34.579757,-58.482059
1575.00,-34.448064,-58.564094
1575.00,-28.574823,-58.710841
1575.00,-34.647987,-58.521936
1575.00,-37.735681,-60.528354
1575.00,-28.254287,-58.628393
1575.00,-34.5619,-58.4688
1575.00,-34.626499,-58.391304
1575.00,-34.639505,-58.421513
1575.00,-34.629762,-58.457285
1575.00,-31.747483,-60.495454
1575.00,-31.751415,-60.502862
1575.00,-31.757699,-60.487082
1575.00,-34.603358,-58.444862
1575.00,-34.617898,-58.465272
1575.00,-34.631579,-58.491985
1575.00,-34.693683,-58.466428
1575.00,-31.730358,-60.520138
1575.00,-34.621669,-58.42257
1575.00,-34.559629,-58.485879
1575.00,-34.61403,-58.404993
1575.00,-34.632718,-58.432586
1575.00,-29.180501,-58.092937
1575.00,-31.828076,-60.517674
1575.00,-34.635218,-58.371168
1575.00,-31.74122,-60.523474
1575.00,-34.578149,-58.46802
1575.00,-34.628733,-58.405357
1575.00,-34.593456,-58.392671
1575.00,-34.593364,-58.384229
1575.00,-34.5991221,-58.491221
1575.00,-34.618786,-58.381768
1575.00,-34.245831,-59.464059
1575.00,-31.955209,-60.125891
1575.00,-34.615627,-58.497314
1575.00,-34.594348,-58.396203
1575.00,-34.645374,-58.465164
1575.00,-34.64076,-58.456776
1575.00,-34.685415,-58.474362
1575.00,-34.60596,-58.491073
1575.00,-34.6084278,-58.4246824
1575.00,-34.585471,-58.436601
1575.00,-34.620567,-58.412729
1575.00,-34.6107613,-58.4818952
1575.00,-34.653559,-58.404483
1575.00,-34.606617,-58.431069
1575.00,-34.6205421,-58.5165333
1575.00,-34.661318,-58.516303
1575.00,-34.599351,-58.392017
1575.00,-34.611208,-58.420392
1575.00,-34.6106075,-58.5195352
1575.00,-34.639292,-58.520689
1575.00,-34.555493,-58.492611
1575.00,-34.585425,-58.500137
1575.00,-34.613414,-58.503961
1575.00,-34.598955,-58.386435
1575.00,-34.6166572,-58.3851356
1575.00,-34.659133,-58.44238
1575.00,-34.649887,-58.501269
1575.00,-34.625428,-58.509474
1575.00,-34.628366,-58.38357
1575.00,-34.620804,-58.418927
1575.00,-34.579531,-58.500624
1575.00,-34.621764,-58.39885
1575.00,-34.577149,-58.438975
1575.00,-34.614959,-58.416725
1575.00,-34.6056819,-58.4634946
1575.00,-34.662714,-58.506603
1575.00,-34.6362515,-58.4767987
1575.00,-34.591693,-58.512055
1575.00,-34.64908,-58.379245
1575.00,-34.6156758,-58.4486061
1575.00,-34.642918,-58.397827
1575.00,-34.6443523,-58.4248546
1575.00,-34.6170364,-58.529055
1575.00,-34.6196191,-58.5093585
1575.00,-34.60759,-58.391787
1575.00,-34.57209,-58.446493
1575.00,-34.587438,-58.395142
1575.00,-34.630962,-58.471583
1575.00,-34.600201,-58.439866
1575.00,-34.628691,-58.38888
1575.00,-34.60401,-58.407322
1575.00,-34.605676,-58.423342
1575.00,-34.639245,-58.448296
1575.00,-34.642459,-58.438805
1575.00,-34.615795,-58.522317
1575.00,-34.07254,-58.478249
1575.00,-34.578032,-58.473224
1575.00,-34.582513,-58.4515
1575.00,-34.590036,-58.495792
1575.00,-34.579954,-58.450937
1575.00,-34.606746,-58.499851
1575.00,-34.610146,-58.470524
1575.00,-34.67669,-58.454442
1575.00,-34.597459,-58.426759
1575.00,-34.545927,-58.462718
1575.00,-34.632758,-58.519834
1640.00,-24.808249,-65.399047
1640.00,-24.7789448,-65.4045791
1640.00,-24.849116,-65.43395
1640.00,-24.797052,-65.398579
1640.00,-24.7871267,-65.4177599
1640.00,-24.443343,-65.1674
1640.00,-24.74516,-65.4843
1575.00,-34.607527,-58.417039
1575.00,-34.597708,-58.418552
1575.00,-34.596806,-58.385504
1575.00,-34.611207,-58.451102
1575.00,-34.613032,-58.38934
1575.00,-34.621721,-58.386035
1575.00,-34.600723,-58.472445
1575.00,-34.598729,-58.438697
1575.00,-34.608,-58.446237
1575.00,-34.586529,-58.471107
1575.00,-34.624058,-58.405666
1575.00,-34.57511,-58.490427
1575.00,-35.0791052,-57.5156236
1575.00,-34.584696,-58.44113
1575.00,-34.564958,-58.440431
1575.00,-34.642728,-58.391368
1575.00,-34.618675,-58.404268
1575.00,-34.584795,-58.462928
1575.00,-34.2997,-60.24279
1575.00,-30.01845,-59.53157
1575.00,-34.639442,-58.51702
1575.00,-33.68169,-59.66675
1575.00,-34.80887,-58.388804
1575.00,-34.531566,-58.5262106
1575.00,-34.643977,-58.683783
1575.00,-34.5189208,-58.5605106
1575.00,-34.751627,-58.419417
1575.00,-34.830925,-58.457272
1575.00,-34.571709,-58.602061
1575.00,-34.819423,-58.27799
1575.00,-34.633596,-58.783554
1575.00,-34.925723,-57.907763
1575.00,-34.586125,-58.595549
1575.00,-34.804783,-58.477246
1575.00,-36.313707,-57.680161
1575.00,-34.682558,-58.666738
1575.00,-34.546947,-58.582492
1575.00,-34.490438,-58.624077
1575.00,-34.61042,-58.944474
1575.00,-34.666094,-58.616849
1575.00,-34.35006,-58.7914597
1575.00,-34.5141769,-58.5305171
1575.00,-34.5218226,-58.7876928
1575.00,-34.7329159,-58.4289309
1575.00,-31.855744,-59.027234
1575.00,-30.761145,-57.996407
1575.00,-31.7330526,-60.515308
1575.00,-30.7449462,-59.6445363
1575.00,-32.4838219,-58.2330284
1575.00,-31.649562,-60.7106075
1575.00,-32.4078411,-63.2485416
1575.00,-34.6783452,-58.4873173
1575.00,-31.6653404,-60.7653809
1575.00,-34.6308932,-58.3984397
1575.00,-29.180941,-58.079052
1575.00,-34.618411,-58.398396
1575.00,-35.033081,-63.012165
1575.00,-34.616082,-58.442562
1575.00,-34.6534717,-58.3887202
1575.00,-38.2722815,-57.837578
1575.00,-29.712736,-57.088783
1575.00,-34.579057,-58.4249155
1575.00,-34.565357,-58.461343
1575.00,-34.626092,-58.450539
1575.00,-34.551453,-58.466766
1575.00,-34.60445,-58.493794
1575.00,-31.3951436,-58.0129175
1575.00,-30.9850361,-57.9198417
1575.00,-34.6709522,-58.3904001
1575.00,-30.956411,-58.781227
1575.00,-32.2190005,-58.1482778
1575.00,-32.0697098,-60.6378708
1575.00,-34.6554344,-58.4141552
1575.00,-34.6432221,-58.4418066
1575.00,-34.5881385,-58.4856644
1575.00,-34.6462384,-58.4588908
1575.00,-34.6479782,-58.5063272
1575.00,-34.6651686,-58.5033475
1575.00,-38.160695,-58.78199
1575.00,-34.6278546,-58.5156425
1575.00,-35.031739,-58.417053
1575.00,-34.646222,-58.414442
1640.00,-24.7779849,-65.4099025
1640.00,-24.719693,-65.406139
1640.00,-24.811541,-65.426427
1640.00,-24.835587,-65.408501
1640.00,-24.19658,-65.309281
1640.00,-24.252255,-65.205416
1575.00,-34.6929971,-58.5721528
1575.00,-34.6383702,-58.5637695
1575.00,-34.683634,-58.419328
1575.00,-34.7687089,-58.3157794
1575.00,-34.5261124,-58.5190354
1575.00,-34.7505549,-58.5845855
1575.00,-34.557908,-58.535821
1575.00,-34.6835529,-58.5908523
1575.00,-34.7566941,-58.6035521
1575.00,-34.7039014,-58.2957429
1575.00,-34.5809379,-58.7538661
1575.00,-34.717682,-58.293961
1575.00,-34.5711412,-58.6163629
1575.00,-34.627523,-58.564382
1575.00,-33.487563,-60.009449
1575.00,-34.581585,-58.582063
1575.00,-33.8931182,-61.102164
1575.00,-34.7112428,-58.3100995
1575.00,-34.6028733,-58.9497271
1575.00,-34.7768729,-58.306397
1575.00,-34.5774375,-58.5885323
1575.00,-34.5972109,-58.5616585
1575.00,-34.54694,-58.71700179
1575.00,-34.7542213,-58.2380455
1575.00,-34.5371566,-58.7191665
1575.00,-34.6017727,-58.5274084
1575.00,-34.6659859,-58.5773305
1575.00,-34.6085744,-58.4836744
1575.00,-34.658345,-58.530866
1575.00,-34.551365,-58.55788
1575.00,-34.828383,-58.646106
1575.00,-34.732707,-58.607833
1575.00,-34.695787,-58.604223
1575.00,-34.413893,-58.605207
1575.00,-34.525556,-58.482846
1575.00,-34.664459,-58.361261
1575.00,-34.708837,-58.389681
1575.00,-34.65422,-58.572136
1575.00,-34.647419,-58.622425
1575.00,-34.433484,-58.567722
1575.00,-34.725159,-58.258795
1575.00,-34.659433,-59.659433
1575.00,-34.682639,-58.665442
1575.00,-34.698679,-58.505564
1575.00,-36.090224,-57.808933
1575.00,-34.715503,-58.538596
1575.00,-38.006626,-57.561287
1575.00,-34.550294,-58.590109
1575.00,-34.779216,-58.265288
1575.00,-34.61268,-58.391306
1575.00,-34.710692,-58.264991
1575.00,-34.673022,-58.732924
1575.00,-34.490615,-59.077967
1575.00,-34.6059,-58.560274
1575.00,-37.269858,-56.979257
1575.00,-34.658323,-58.761016
1575.00,-34.575055,-58.539508
1575.00,-34.909921,-57.98016
1575.00,-34.578933,-58.544216
1575.00,-37.976884,-57.561716
1575.00,-37.976884,-57.588349
1575.00,-34.531889,-58.500389
1575.00,-34.60986,-58.570369
1575.00,-34.904968,-57.962845
1575.00,-34.6139368,-58.5519628
1575.00,-34.654241,-58.793415
1575.00,-34.540584,-58.716217
1575.00,-37.848426,-58.255187
1575.00,-34.86542,-57.905602
1575.00,-34.535253,-58.743602
1575.00,-34.549358,-58.507512
1575.00,-34.499247,-58.716323
1575.00,-34.446854,-58.547487
1575.00,-34.939137,-57.986609
1575.00,-34.665894,-58.415865
1575.00,-34.909913,-57.954619
1575.00,-34.486142,-58.616579
1575.00,-38.027699,-57.559273
1575.00,-35.576611,-58.004916
1575.00,-34.7911301,-58.380203
1575.00,-34.589119,-58.572257
1575.00,-34.570649,-58.538861
1575.00,-34.594044,-58.537335
1575.00,-34.634849,-58.542463
1575.00,-34.4853288,-58.7291353
1575.00,-34.5019198,-58.667915617
1575.00,-34.5754854,-58.5307159
1575.00,-34.7334837,-58.3997083
1575.00,-34.6919464,-58.4092382
1575.00,-34.8564988,-58.5228057
1575.00,-34.6097868,-58.3828226
1575.00,-34.6130285,-58.4169895
1575.00,-34.5662875,-58.4651215
1575.00,-34.5668702,-58.5450264
1575.00,-34.5734458,-58.5317778
1575.00,-34.4915946,-58.7295524
1575.00,-34.5505817,-58.5576533
1575.00,-34.5024182,-58.7645278
1575.00,-34.5815345,-58.5415048
1575.00,-34.5757204,-58.5499705
1575.00,-34.4663421,-58.5846567
1575.00,-34.54435228,-58.71210959
1575.00,-34.9077959,-57.9616369
1575.00,-34.61213,-58.63901
1575.00,-34.58104,-58.63882
1575.00,-34.51821912,-58.74495203
1575.00,-34.5718271,-58.5236061
1575.00,-34.881901,-58.0074042
1575.00,-34.7767673,-58.3088338
1575.00,-34.9196568,-57.9428715
1575.00,-34.77985,-58.31504
1575.00,-34.9272395,-57.9387518
1575.00,-34.6145142,-58.6364481
1575.00,-34.46663,-58.64586
1575.00,-34.479176,-58.7419041
1575.00,-34.5473024,-58.5576045
1575.00,-34.536991,-58.577864
1575.00,-34.60213,-58.54294
1575.00,-34.8016,-58.7712
1575.00,-34.529241,-58.776617
1575.00,-34.53964,-58.72386
1575.00,-34.56057,-58.59595
1575.00,-34.48374,-58.78303
1575.00,-34.50517,-58.71927
1575.00,-34.58075,-58.60259
1575.00,-33.8954,-60.57341
1575.00,-32.48258,-58.22749
1575.00,-33.89933,-60.58409
1575.00,-34.7313,-58.26677
1575.00,-34.577994,-60.94896
1575.00,-34.64946,-58.61708
1575.00,-34.17574,-58.95415
1575.00,-34.87075,-61.53379
1575.00,-34.04382,-59.19806
1575.00,-35.97726,-62.73824
1575.00,-37.28566,-56.99298
1575.00,-34.8614,-61.53893
1575.00,-38.031,-60.09835
1575.00,-34.63466,-58.58048
1575.00,-34.79429,-58.35145
1575.00,-34.98569,-58.36737
1575.00,-34.47187,-58.6556
1575.00,-33.2428923,-60.3179436
1575.00,-31.860934,-59.031579
1575.00,-34.627755,-58.508485
1575.00,-32.723682,-59.396034
1575.00,-33.006972,-58.537419
1640.00,-24.7814935,-65.4143692
1640.00,-24.7869634,-65.4323303
1640.00,-24.8857,-65.469513
1640.00,-24.671542,-65.045994
1575.00,-34.5736049,-58.4232349
1419.00,-34.598928,-58.491826
1419.00,-34.603219,-58.378116
1419.00,-34.617182,-58.467454
1379.00,-34.491345,-58.589025
1419.00,-34.810018,-58.457241
1419.00,-34.594504,-58.428737
1419.00,-34.565080,-58.470704
1275.00,-31.413639,-64.169879
1419.00,-34.633156,-58.459408
1419.00,-34.588209,-58.419052
1447.99,-34.8440028,-58.507952
1447.99,-34.5847845,-58.4165247
1447.99,-34.533164,-58.5024536
1447.99,-34.6561036,-58.4767969
1380.00,-43.2648,-65.2797
999.00,-37.9997406,-57.5600652
1365.00,-37.9953049,-57.5514344
1300.00,-38.0312389,-57.5879645
1365.00,-38.0350613,-57.5521354
1300.00,-38.0020402,-57.5852835
1365.00,-38.0020818,-57.5462751
1300.00,-37.9779232,-57.5761531
1399.00,-37.9967229,-57.6028425
1456.00,-38.2422279,-57.7947644
899.00,-37.9694353,-57.5925867
1300.00,-37.9879093,-57.5586834
1456.00,-38.5528962,-58.7438668
1456.00,-37.1121458,-56.8635215
1365.00,-37.9688563,-57.5497341
1750.00,-46.546390,-68.927910
1447.99,-34.6062442,-58.5106551
1447.99,-34.6119916,-58.3989244
1447.99,-34.893323,-58.571979
1447.99,-34.4524395,-58.527515
1619.00,-34.591615,-58.433900
1619.00,-34.552189,-58.558483
1619.00,-34.587264,-58.423108
1619.00,-34.600614,-58.430800
1419.00,-31.402623,-64.199156
1619.00,-34.544189,-58.714900
1380.00,-32.885582,-68.842280
1619.00,-34.622701,-58.409197
1619.00,-34.651086,-58.642884
1419.00,-31.415382,-64.180514
1619.00,-34.597579,-58.419235
1619.00,-34.568676,-58.434871
1495.00,-26.835085,-65.252036
1575.00,-34.5971373,-58.4976429
1575.00,-34.6289482,-58.4642662
1575.00,-34.6298527,-58.3628499
1575.00,-34.6830345,-58.5553009
1575.00,-34.7116294,-58.2820677
1575.00,-34.6460108,-58.5929389
1575.00,-34.627766,-58.4338966
1575.00,-34.8742082,-57.8678337
1575.00,-34.650879,-58.5153128
1575.00,-34.7431662,-58.3939275
1575.00,-34.5376215,-58.5117145
1575.00,-34.8198093,-58.4673986
1575.00,-34.7693312,-58.3556143
1575.00,-34.8097369,-58.1872598
1575.00,-34.8338743,-58.4949847
1575.00,-34.5286128,-58.4931423
1575.00,-34.46141,-58.775516
1575.00,-34.6375385,-58.5001704
1575.00,-34.984291,-58.376123
1575.00,-34.5247293,-58.5473185
1575.00,-34.5582314,-58.5699744
1575.00,-34.542076,-58.4733624
1575.00,-34.7208867,-58.57033
1575.00,-34.7803362,-58.4791516
1575.00,-34.798211,-58.4252917
1575.00,-34.383803,-58.830138
1575.00,-34.4578272,-58.6298689
1575.00,-34.7160304,-58.2733722
1575.00,-34.7073388,-58.4000642
1575.00,-34.4589449,-58.5687411
1575.00,-34.604513,-58.3949583
1575.00,-34.4255709,-58.577033
1575.00,-34.5975856,-58.5423574
1575.00,-37.9742308,-57.5945595
1575.00,-38.0089747,-57.5481742
1575.00,-34.3444298,-58.7916233
1575.00,-35.515799,-58.316883
1575.00,-34.7079051,-58.4586922
1575.00,-34.6273661,-58.4466235
1575.00,-34.6064336,-58.4855976
1575.00,-34.1641136,-58.9579757
1575.00,-34.8940464,-60.0228134
1575.00,-34.5816907,-58.4223268
1575.00,-37.15398,-58.487377
1575.00,-34.4184565,-58.5960217
1575.00,-34.6228846,-58.3931835
1575.00,-37.003439,-57.136081
1575.00,-34.85823,-58.389308
1575.00,-33.3346028,-60.2188972
1575.00,-34.5861813,-58.4015054
1575.00,-34.5970782,-58.3877718
1575.00,-34.5920824,-58.4118526
1575.00,-35.81316,-61.896981
1575.00,-32.2252713,-58.1454569
1575.00,-34.5606253,-58.4607081
1575.00,-32.301798,-59.138836
1575.00,-34.6039858,-58.414885
1575.00,-34.5794505,-58.4541889
1575.00,-34.764896,-61.892818
1575.00,-34.6015334,-58.4413993
1575.00,-34.6424371,-58.4358917
1575.00,-34.6594782,-58.4286401
1575.00,-34.6199615,-58.4323637
1575.00,-34.6262843,-58.4569877
1575.00,-34.6273133,-58.4286401
1575.00,-34.5733048,-58.4220692
1575.00,-34.5905692,-58.4244299
1575.00,-34.5585404,-58.4603022
1575.00,-34.5830372,-58.476676
1575.00,-34.5861248,-58.442219
1575.00,-34.600968,-58.435513
1575.00,-31.743916,-60.509477
1575.00,-34.5643568,-58.4399389
1575.00,-34.575674,-58.4519034
1575.00,-34.6008689,-58.3731891
1575.00,-34.6081269,-58.3760198
1575.00,-34.6071505,-58.4484476
1575.00,-34.5521177,-58.4984145
1575.00,-34.5482475,-58.4669121
1575.00,-34.6244356,-58.4349162
1575.00,-34.605001,-58.594873
1575.00,-34.5726011,-58.43033184
1575.00,-34.6610183,-58.4835747
1575.00,-34.593583,-58.430572
1575.00,-34.622075,-58.383908
1575.00,-34.60315,-58.385229
1575.00,-30.3861619,-58.7488256
1575.00,-34.639891,-58.3899128
1575.00,-34.6203243,-58.4997255
1575.00,-34.5738067,-58.4978846
1575.00,-34.49526188,-61.54184014
1575.00,-34.5448639,-58.47637506
1575.00,-28.986113,-59.10309
1575.00,-34.612999,-58.368742
1575.00,-34.577766,-58.494168
1575.00,-31.725033,-60.514316
1575.00,-34.63136,-58.524818
1575.00,-34.67331,-58.485941
1575.00,-34.638538,-58.46603
1575.00,-27.317845,-58.571672
1575.00,-34.617358,-58.520218
1575.00,-34.647574,-58.42847
1575.00,-34.607618,-58.51528
1575.00,-31.761705,-60.511164
1575.00,-31.725625,-60.538902
1575.00,-34.56613,-58.479529
1575.00,-34.685028,-58.472714
1575.00,-34.6375623,-58.4319886
1575.00,-34.6207181,-58.4563112
1575.00,-34.6310944,-58.3704685
1575.00,-34.627803,-58.366911
1575.00,-34.611889,-58.385285
1575.00,-34.638422,-58.358543
1575.00,-34.572871,-58.483722
1575.00,-34.6041648,-58.4586699
1575.00,-34.642957,-58.423543
1575.00,-34.628376,-58.399276
1575.00,-34.62228,-58.410955
1575.00,-34.555101,-58.479894
1575.00,-34.592594,-58.41377
1575.00,-34.568867,-58.44801
1575.00,-34.602603,-58.37069
1575.00,-34.574847,-58.4348
1640.00,-24.194392,-65.289649
1640.00,-24.905302,-65.48719
1640.00,-25.80209,-64.9763
1575.00,-34.640826,-58.425664
1575.00,-34.628497,-58.401939
1575.00,-34.602728,-58.494948
1575.00,-34.597022,-58.433648
1575.00,-34.586927,-58.511108
1575.00,-34.6878905,-58.5225796
1575.00,-34.656602,-58.6486973
1575.00,-35.561416,-58.017385
1575.00,-34.7672566,-58.2195186
1575.00,-34.608716,-58.643543
1575.00,-34.892971,-57.945932
1575.00,-34.7616457,-58.3619447
1575.00,-31.3902116,-58.0243081
1575.00,-30.250668,-57.63942
1575.00,-29.791304,-58.055256
1575.00,-34.6238633,-58.5582513
1575.00,-28.5123,-59.042919
1575.00,-34.650488,-58.784116
1575.00,-34.612561,-58.442266
1575.00,-33.13578,-59.314408
1575.00,-31.9151891,-63.6792919
1575.00,-34.6810082,-58.4679551
1575.00,-34.6326213,-58.4061362
1575.00,-36.231056,-61.113086
1640.00,-24.377394,-65.118997
1575.00,-34.4838997,-58.7248719
1575.00,-34.7298118,-58.2640675
1575.00,-34.7499225,-58.2225527
1575.00,-34.5910744,-60.9327159
1575.00,-34.7416109,-58.621092
1575.00,-34.6110721,-58.578728
1575.00,-34.061546,-60.101513
1575.00,-34.616048,-58.535336
1575.00,-34.8903376,-60.0133156
1575.00,-34.5492212,-58.7025205
1575.00,-33.500146,-60.064986
1575.00,-34.630469,-58.632568
1575.00,-34.780427,-58.841627
1575.00,-34.769658,-58.297003
1575.00,-34.662114,-58.375652
1575.00,-34.774225,-58.64795
1575.00,-34.526964,-58.573139
1575.00,-34.702067,-58.619828
1575.00,-34.928259,-57.942885
1575.00,-34.584515,-58.586723
1575.00,-34.681167,-58.703222
1575.00,-34.6050844,-58.86616059
1575.00,-35.030491,-60.280476
1575.00,-36.356692,-56.721224
1575.00,-34.501807,-58.68074
1575.00,-34.602099,-58.725168
1575.00,-34.712895,-58.4272
1575.00,-34.869497,-61.529975
1575.00,-34.580125,-58.553819
1575.00,-34.8763557,-57.8931961
1575.00,-34.5438031,-58.6344706
1575.00,-34.8556539,-58.5223401
1575.00,-34.5614092,-58.5214382
1575.00,-34.7171436,-58.3050519
1575.00,-34.6641202,-58.7003972
1575.00,-34.5263164,-58.7334515
1575.00,-34.60452,-58.59279
1575.00,-34.69238,-58.332
1575.00,-34.43800902,-58.68234515
1575.00,-34.571809,-58.6138335
1575.00,-34.6665154,-58.7279383
1575.00,-34.72257,-58.26069
1575.00,-34.7781297,-58.3192657
1575.00,-34.58717,-58.64318
1575.00,-34.71868,-58.27011
1575.00,-34.56689,-58.60834
1575.00,-33.91076,-60.58295
1575.00,-34.17877,-59.79935
1575.00,-34.77814,-58.33268
1575.00,-34.5988,-60.95887
1575.00,-31.8696614,-59.0284795
1575.00,-34.002525,-61.609768
1575.00,-33.016616,-58.528798
1640.00,-24.8034671,-65.4373408
1640.00,-24.7880714,-65.4219001
1640.00,-24.387603,-65.264866
1475.00,-32.8884,-68.8252
1475.00,-38.9387,-67.9890
1684.00,-31.4168,-64.1874
1475.00,-38.9562,-68.0664
1475.00,-29.4018,-66.8531
1475.00,-39.0196,-67.5860
1475.00,-26.8306,-65.2177
1475.00,-24.7939,-65.4142
1475.00,-32.8893,-68.8182
1475.00,-29.4295,-66.8541
1475.00,-27.7886,-64.2612
1475.00,-31.5278,-68.5671
1475.00,-32.9414,-68.8483
1475.00,-31.4279,-64.1833
1475.00,-33.0818,-68.4722
1475.00,-31.5667,-68.5323
1475.00,-38.3773,-60.2727
1475.00,-32.8897,-68.8590
1475.00,-31.5235,-68.5365
1475.00,-31.4116,-64.1893
1475.00,-31.5357,-68.5244
1684.00,-34.5964,-58.3902
1750.00,-41.131390,-71.361240
1750.00,-38.959340,-68.050820
1750.00,-38.933690,-68.001030
1750.00,-41.135450,-71.308740
1750.00,-41.140000,-71.301680
1750.00,-39.036380,-67.577660
1750.00,-40.815470,-62.988400
1750.00,-43.247020,-65.310710
1750.00,-43.302540,-65.104400
1750.00,-42.764220,-65.036230
1750.00,-42.914300,-71.322760
1750.00,-43.262120,-65.293490
1750.00,-42.911660,-71.319680
1750.00,-41.962760,-71.535240
1750.00,-45.868700,-67.502270
1750.00,-45.861050,-67.475180
1750.00,-45.836750,-67.478320
1750.00,-45.860430,-67.498840
1750.00,-45.875190,-67.519110
1750.00,-46.447890,-67.520060
1750.00,-46.444660,-67.528540
1750.00,-51.620950,-69.216310
1700.00,-53.786300,-67.700840
1700.00,-53.769490,-67.716940
1700.00,-53.791950,-67.721140
1700.00,-54.798090,-68.278780
1750.00,-39.027470,-67.565730
1750.00,-51.641370,-69.228800
1750.00,-43.267990,-65.298390
1750.00,-42.767230,-65.042990
1750.00,-40.730910,-64.939720
1750.00,-40.816340,-63.003030
1750.00,-39.095490,-67.092250
1750.00,-38.892840,-70.066640
1750.00,-38.939820,-67.995300
1750.00,-38.980550,-67.830110
1750.00,-34.643660,-60.470900
1700.00,-54.817910,-68.335060
1750.00,-34.895400,-60.017500
1750.00,-35.119830,-60.480450
1750.00,-33.746570,-61.967960
1750.00,-38.947000,-68.073420
1750.00,-40.799190,-62.978050
1750.00,-51.632190,-69.198120
1700.00,-53.778850,-67.718140
1700.00,-54.803830,-68.302260
1750.00,-38.930400,-69.210670
1750.00,-41.137980,-71.298460
1750.00,-34.607170,-60.962520
1750.00,-33.893380,-61.098380
1750.00,-36.632300,-64.296280
1750.00,-51.621540,-69.245520
1750.00,-39.027930,-67.590070
1750.00,-34.290660,-60.254390
1750.00,-47.743490,-65.886990
1750.00,-34.066450,-60.104420
1750.00,-34.863540,-61.528660
1750.00,-40.157540,-71.356240
1750.00,-35.980110,-62.728320
1750.00,-45.589510,-69.068220
1750.00,-36.627600,-64.281490
1750.00,-35.655920,-63.757040
1750.00,-34.264470,-62.710670
1750.00,-34.850330,-62.466760
1750.00,-35.624580,-61.366430
1750.00,-34.124950,-63.387610
1750.00,-36.622040,-64.286940
1750.00,-51.615010,-69.227860
1750.00,-35.813650,-61.898210
1750.00,-35.031650,-63.015600
1750.00,-50.337780,-72.261590
1750.00,-43.256540,-65.321750
1750.00,-51.535550,-72.336170
1700.00,-54.810100,-68.318310
1750.00,-36.613500,-64.291230
1750.00,-46.803350,-67.957730
1750.00,-39.951750,-71.069530
1750.00,-35.491900,-62.979870
1750.00,-35.250090,-63.600530
1750.00,-31.253490,-61.492540
1750.00,-31.258890,-61.510560
1750.00,-31.251890,-61.463420
1750.00,-31.449940,-60.929910
1750.00,-31.896450,-61.860850
1750.00,-45.882880,-67.538800
1750.00,-50.347120,-72.268950
1750.00,-38.950450,-68.111470
1750.00,-41.611370,-65.358490
1750.00,-38.926630,-67.990510
1750.00,-41.971000,-71.531050
1700.00,-54.830640,-68.353430
1750.00,-42.780870,-65.037070
1750.00,-43.098290,-71.464020
1750.00,-30.784910,-60.585480
1750.00,-37.395400,-68.923060
1750.00,-34.590040,-60.948100
1750.00,-41.101500,-71.444590
1750.00,-40.758890,-71.648190
1750.00,-45.929690,-67.571550
1750.00,-43.318810,-65.049490
1750.00,-38.947920,-68.225790
1750.00,-51.638470,-69.219970
1750.00,-49.986650,-68.924830
1750.00,-36.783740,-59.852910
1750.00,-46.801910,-67.946550
1750.00,-35.912270,-64.285850
1750.00,-37.884350,-67.798860
1750.00,-42.914260,-71.298990
1750.00,-49.303390,-67.751800
1750.00,-39.013100,-67.598820
1750.00,-35.665450,-63.766320
1750.00,-48.750440,-70.247610
1750.00,-51.628910,-69.237560
1750.00,-51.635440,-69.209360
1750.00,-51.619640,-69.222240
1750.00,-34.643590,-59.435860
1750.00,-36.600090,-64.302130
1750.00,-35.978690,-62.741700
1750.00,-51.575630,-72.213560
1750.00,-51.612930,-69.245450
1750.00,-29.129740,-59.260950
1750.00,-43.300210,-65.491400
1750.00,-40.794540,-65.075880
1700.00,-54.501320,-67.205510
1750.00,-40.143510,-71.302820
1750.00,-38.827330,-68.144410
1750.00,-46.583370,-70.937230
1750.00,-38.988320,-64.097190
1750.00,-39.298730,-65.648020
1750.00,-46.440420,-67.546730
1750.00,-45.795480,-67.432950
1700.00,-53.809060,-67.687750
1750.00,-30.725230,-62.009680
1750.00,-38.946160,-68.058170
1750.00,-38.953510,-68.062400
1750.00,-38.934450,-69.233040
1750.00,-38.949710,-68.117430
1750.00,-38.907390,-70.067330
1750.00,-38.969000,-68.059660
1750.00,-38.950830,-68.075390
1750.00,-38.957100,-68.228890
1750.00,-38.950930,-68.030640
1750.00,-38.938560,-68.117340
1750.00,-38.933010,-68.074000
1750.00,-38.935670,-67.996130
1750.00,-38.944410,-68.102300
1750.00,-38.950660,-68.089550
1750.00,-39.028510,-67.574970
1750.00,-38.829250,-68.063970
1750.00,-38.948560,-67.992170
1750.00,-39.098750,-67.087080
1750.00,-38.898910,-70.073840
1750.00,-38.947310,-68.084610
1750.00,-42.060110,-71.600360
1750.00,-38.949580,-69.216060
1750.00,-35.456900,-60.890510
1750.00,-30.950000,-61.561480
1750.00,-50.016140,-68.519300
1750.00,-32.700000,-62.095010
1750.00,-38.828960,-68.070580
1750.00,-38.353100,-68.792500
1750.00,-31.420260,-63.063750
1750.00,-38.833100,-68.119180
1750.00,-31.439670,-60.928870
1750.00,-28.510340,-59.032940
1750.00,-34.635330,-58.709920
1365.00,-38.0088383,-57.5419295
1300.00,-38.0102945,-57.5665797
1300.00,-38.0187183,-57.5730078
890.00,-38.0254359,-57.5709071
1365.00,-38.0075428,-57.546432
1300.00,-37.9932042,-57.5660764
1300.00,-37.9532482,-57.5532565
1475.00,-24.7767,-65.4148
1475.00,-34.6914,-58.3914
1475.00,-34.6216,-58.4278
1475.00,-34.6205,-68.3171
1684.00,-34.4427,-58.8731
1475.00,-32.8997,-68.8598
1684.00,-31.4108,-64.1927
1684.00,-37.1082,-56.8731
1475.00,-27.7786,-64.2578
1475.00,-33.0325,-68.8777
1475.00,-38.7081,-62.2686
1475.00,-32.9393,-68.8347
1684.00,-31.0930,-64.4830
1684.00,-34.5897,-58.3886
1475.00,-28.4726,-65.7782
1475.00,-26.8346,-65.2346
1475.00,-33.0106,-58.5279
1475.00,-34.8121,-58.4511
1475.00,-34.8955,-57.9801
1684.00,-34.6192,-58.3615
1475.00,-26.8094,-65.2479
1475.00,-34.6488,-58.6126
1475.00,-34.5992,-58.4199
1475.00,-36.3588,-56.7186
1684.00,-31.4507,-64.1767
1684.00,-31.3015,-64.2856
1475.00,-32.9140,-68.8228
1475.00,-33.1383,-64.3538
1684.00,-31.4478,-64.1990
1684.00,-34.5633,-58.5585
1684.00,-34.6746,-58.4628
1684.00,-34.5608,-58.6785
1684.00,-34.7932,-58.4140
1684.00,-34.5772,-58.4300
1475.00,-33.7763,-69.0620
1475.00,-31.4054,-64.2119
1475.00,-29.7058,-57.0975
1475.00,-24.7981,-65.4168
1684.00,-34.9349,-57.9757
1475.00,-34.6148,-58.4349
1475.00,-38.7301,-62.2502
1684.00,-34.6002,-58.5040
1684.00,-31.2445,-64.4659
1684.00,-34.8546,-58.5047
1684.00,-34.4360,-58.8080
1684.00,-34.5646,-58.4517
1475.00,-24.7298,-65.4127
1475.00,-34.6926,-58.5016
1684.00,-31.3630,-64.2367
1684.00,-34.5201,-58.4877
1475.00,-35.6388,-59.7762
1475.00,-34.6245,-58.4066
1475.00,-27.5889,-65.6202
1684.00,-32.9094,-60.6850
1475.00,-33.1105,-64.3401
1475.00,-32.9029,-68.8329
1475.00,-31.5358,-68.5144
1475.00,-31.4303,-64.2190
1475.00,-34.6657,-58.6971
1684.00,-34.6033,-58.4264
1684.00,-31.4367,-64.5007
1684.00,-36.6882,-56.6835
1475.00,-31.7551,-60.4993
1475.00,-34.5623,-59.1199
1475.00,-32.8942,-68.7890
1475.00,-31.3796,-64.1756
1475.00,-24.7581,-65.3986
1475.00,-23.1308,-64.3261
1475.00,-34.9068,-57.9506
1684.00,-34.5696,-58.4730
1475.00,-34.4566,-58.6259
1475.00,-32.8681,-68.8564
1475.00,-28.4757,-65.7745
1475.00,-33.6778,-59.6685
1475.00,-32.9122,-68.7858
1475.00,-32.9018,-68.7971
1475.00,-38.0469,-57.5535
1684.00,-34.6096,-58.4675
1684.00,-34.5868,-58.4109
1475.00,-27.3503,-65.6008
1475.00,-32.8707,-68.8337
1475.00,-26.8149,-65.2825
1684.00,-38.0244,-57.5659
1475.00,-26.8255,-65.2168
1684.00,-31.4126,-64.1616
1684.00,-34.6147,-58.4350
1684.00,-34.6221,-58.4368
1684.00,-34.6537,-58.6231
1475.00,-33.8988,-60.5763
1475.00,-24.1872,-65.3204
1475.00,-31.3527,-64.2462
1475.00,-34.6242,-68.3339
1475.00,-23.8137,-64.7934
1475.00,-32.9223,-60.8034
1684.00,-34.5859,-58.4074
1684.00,-34.5938,-58.3989
1475.00,-34.5832,-60.9565
1684.00,-34.5608,-58.4499
1684.00,-37.9600,-57.5668
1475.00,-34.6733,-58.7246
1475.00,-32.9824,-68.7883
1475.00,-24.7958,-65.4056
1475.00,-32.8411,-68.8213
1475.00,-34.5947,-60.9474
1475.00,-32.1740,-64.1094
1475.00,-34.5545,-58.4835
1475.00,-24.7846,-65.4099
1475.00,-31.4450,-64.1868
1684.00,-34.5910,-58.4105
1475.00,-31.5389,-68.5556
1475.00,-31.4288,-62.0894
1475.00,-35.0502,-58.7561
1475.00,-24.1829,-65.3063
1475.00,-27.1699,-65.4999
1684.00,-34.5964,-58.3876
1684.00,-31.3806,-64.2229
1684.00,-34.6106,-58.4401
1475.00,-38.5611,-58.7305
1475.00,-26.8234,-65.2404
1684.00,-34.8819,-58.0544
1475.00,-39.0451,-67.5778
1475.00,-33.3065,-66.3236
1475.00,-27.4551,-58.9913
1475.00,-34.9362,-57.9344
1684.00,-34.7588,-58.2805
1684.00,-24.7726,-65.4129
1475.00,-32.8821,-68.8415
1475.00,-31.5292,-68.5877
1684.00,-34.3578,-58.7951
1684.00,-34.5084,-58.5227
1684.00,-31.4188,-64.4951
1684.00,-37.2636,-56.9766
1684.00,-34.4463,-58.7450
1475.00,-26.8229,-65.1770
1684.00,-26.8220,-65.2615
1684.00,-31.1833,-64.3333
1684.00,-38.0072,-57.5514
1475.00,-34.6561,-58.6519
1475.00,-33.2968,-66.3390
1475.00,-35.1863,-59.0979
1475.00,-34.1961,-60.7339
1475.00,-38.2663,-57.8432
1684.00,-45.8733,-67.4935
1475.00,-28.4603,-65.7728
1475.00,-34.6382,-58.3788
1475.00,-26.8373,-65.2100
1475.00,-26.8398,-65.2228
1684.00,-37.2611,-56.9869
1475.00,-34.6435,-58.7905
1475.00,-32.9127,-68.8762
1475.00,-34.6031,-58.6354
1475.00,-33.0708,-68.4729
1684.00,-34.6000,-58.4312
1684.00,-34.7282,-58.2510
1684.00,-31.3468,-64.2805
1684.00,-31.4277,-64.1880
1684.00,-34.7993,-58.4053
1684.00,-34.6172,-58.4350
1475.00,-33.0359,-68.8790
1475.00,-33.0865,-68.4619
1684.00,-32.9798,-68.8582
1475.00,-31.5358,-68.5142
1475.00,-31.4536,-64.2062
1475.00,-24.7903,-65.4118
1475.00,-26.7299,-65.2614
1475.00,-31.3844,-58.0212
1684.00,-34.5745,-58.4272
1684.00,-38.9596,-68.0925
1684.00,-31.4130,-64.4852
1684.00,-33.7666,-61.9666
1684.00,-30.7249,-64.8005
1475.00,-33.1160,-64.3509
1475.00,-34.5985,-58.4032
1475.00,-34.8940,-60.0175
1475.00,-33.0863,-68.4807
1475.00,-32.9039,-68.8034
1475.00,-31.4034,-64.1655
1684.00,-31.3802,-64.2147
1684.00,-31.6559,-64.4099
1684.00,-34.6420,-58.5702
1684.00,-34.5729,-58.4614
1684.00,-34.5847,-58.4685
1684.00,-34.5081,-58.4771
1475.00,-32.8628,-68.8222
1475.00,-28.4480,-65.7187
1475.00,-32.4086,-63.2565
1475.00,-24.8414,-65.4331
1475.00,-32.6190,-62.6938
1475.00,-33.3636,-69.1436
1475.00,-31.4333,-64.1568
1475.00,-31.5172,-68.5259
1684.00,-34.6282,-58.4608
1684.00,-34.7638,-58.3995
1475.00,-38.0126,-57.5652
1475.00,-37.3270,-59.1326
1475.00,-30.7625,-57.9939
1475.00,-31.3451,-64.3388
1475.00,-32.9557,-68.8577
1475.00,-32.9062,-68.7829
1475.00,-28.4650,-65.8012
1475.00,-31.4235,-64.1472
1475.00,-37.9922,-57.5587
1684.00,-34.6491,-58.6561
1684.00,-31.6512,-64.4269
1684.00,-31.4252,-64.1848
1684.00,-34.5655,-58.4368
1684.00,-32.9169,-68.8380
1684.00,-34.6338,-58.6285
1684.00,-34.4005,-58.6548
1475.00,-34.6106,-58.5608
1684.00,-34.4745,-58.6257
1475.00,-31.4225,-64.1823
1475.00,-31.5309,-68.5210
1475.00,-34.6533,-59.4327
1475.00,-32.9174,-68.8461
1475.00,-32.8512,-68.8412
1684.00,-34.5918,-58.3793
1684.00,-31.3670,-64.2194
1684.00,-34.6295,-58.4478
1684.00,-38.0016,-57.5502
1684.00,-34.7390,-58.4084
1684.00,-34.4769,-58.5733
1475.00,-42.7683,-65.0390
1475.00,-31.4137,-64.1656
1475.00,-26.8328,-65.2282
1475.00,-35.4752,-69.5916
1684.00,-34.5622,-58.4546
1684.00,-34.5801,-58.4092
1684.00,-34.4713,-58.5179
1475.00,-34.7031,-58.3939
1684.00,-30.9804,-64.0960
1684.00,-34.4469,-58.5457
1684.00,-34.9154,-57.9421
1684.00,-38.0129,-57.5436
1475.00,-34.6128,-68.3403
1475.00,-33.6806,-65.4640
1475.00,-32.6981,-62.1046
1475.00,-34.9666,-67.7000
1475.00,-34.5836,-58.4486
1475.00,-29.1370,-59.2646
1475.00,-32.8760,-68.8836
1475.00,-27.7298,-64.2436
1684.00,-31.3981,-64.1825
1684.00,-34.5609,-58.4520
1684.00,-34.5930,-58.3926
1575.00,-34.6369605,-58.4045551
1575.00,-34.6402735,-58.5418243
1575.00,-34.5738643,-58.5326316
1575.00,-34.6997046,-58.6247299
1575.00,-34.6866773,-58.7318454
1575.00,-34.6358731,-58.3603133
1575.00,-35.0530892,-58.7606411
1575.00,-34.6178053,-58.5020885
1575.00,-34.567026,-59.111166
1575.00,-34.6140308,-58.4929315
1575.00,-34.7693634,-58.6451543
1575.00,-34.6248959,-58.4938555
1575.00,-34.5795557,-58.4770438
1575.00,-34.754677,-58.613909
1575.00,-34.8119282,-58.6347284
1575.00,-34.7256805,-58.3981378
1575.00,-34.73492,-58.5853229
1575.00,-34.6467621,-58.6184887
1575.00,-34.5185576,-58.5005836
1575.00,-34.5500853,-58.463929
1575.00,-34.491348,-58.840306
1575.00,-34.826231,-58.393707
1575.00,-34.6247055,-58.4097384
1575.00,-34.6375809,-58.8281784
1575.00,-34.5652775,-58.6842989
1575.00,-34.8276381,-58.38449
1575.00,-34.6131258,-58.5624903
1575.00,-34.8600505,-58.3849381
1575.00,-34.544654,-58.568523
1575.00,-34.8571545,-57.9168134
1575.00,-34.6278804,-58.6567158
1575.00,-34.409353,-58.771731
1575.00,-34.8183783,-58.4257131
1575.00,-34.5660554,-58.4541372
1575.00,-36.863464,-57.880218
1575.00,-34.5855958,-58.4535529
1575.00,-34.6218749,-58.4407532
1575.00,-34.6096892,-58.5076977
1575.00,-35.433295,-60.166461
1575.00,-35.625004,-61.365063
1575.00,-33.8939905,-60.5690737
1575.00,-34.5872269,-58.4821776
1575.00,-35.005151,-59.278074
1575.00,-35.1888412,-59.0967829
1575.00,-34.442858,-59.446896
1575.00,-34.6355448,-58.4483758
1575.00,-34.5594987,-58.4545906
1575.00,-34.7960196,-58.3859618
1575.00,-33.156124,-60.512711
1575.00,-34.5406985,-58.710821
1575.00,-36.599707,-61.749462
1575.00,-34.6572416,-58.5095764
1575.00,-34.5919508,-58.3983517
1575.00,-33.0071111,-58.5119321
1575.00,-34.3806686,-59.8223267
1575.00,-34.5520142,-58.4736585
1575.00,-34.522894,-58.751278
1575.00,-35.050929,-58.7648874
1575.00,-34.6632563,-58.4887387
1575.00,-34.610235,-58.409618
1575.00,-34.6412489,-58.3690741
1575.00,-34.5873745,-58.4927966
1575.00,-34.6091824,-58.4618177
1575.00,-34.5944326,-58.4438175
1575.00,-34.6764626,-58.4933966
1575.00,-34.6034002,-58.4100788
1575.00,-34.6467684,-58.5140065
1575.00,-34.6298967,-58.4954224
1575.00,-34.659422,-58.476611
1575.00,-31.755047,-60.509048
1575.00,-34.609441,-58.386606
1575.00,-31.763742,-60.412963
1575.00,-34.6333148,-58.4273412
1575.00,-34.6416461,-58.4887571
1575.00,-34.6175785,-58.3779568
1575.00,-34.5814348,-58.4429618
1575.00,-34.6020171,-58.4686955
1575.00,-34.5893691,-58.4462919
1575.00,-34.6034242,-58.3634962
1575.00,-34.6158804,-58.4833332
1575.00,-32.070467,-60.637659
1575.00,-34.5951915,-58.3804858
1575.00,-34.5838928,-58.445996
1575.00,-34.674477,-58.47189
1575.00,-31.752516,-60.496366
1575.00,-34.63899,-58.362526
1575.00,-31.736352,-60.494334
1575.00,-34.544364,-58.471821
1575.00,-34.674371,-58.479934
1575.00,-34.6423533,-58.5262156
1575.00,-34.6317276,-58.39064151
1575.00,-34.7212,-58.790951
1575.00,-34.5548663,-58.4700335
1575.00,-34.6338144,-58.4361472
1575.00,-31.76506,-60.499191
1575.00,-34.61647,-58.371491
1575.00,-32.029752,-60.308533
1575.00,-27.954064,-58.808406
1575.00,-34.651921,-58.414822
1575.00,-34.6376,-58.484265
1575.00,-27.466137,-58.788067
1575.00,-31.773861,-60.500348
1575.00,-34.612132,-58.380073
1575.00,-34.585139,-58.503143
1575.00,-34.640836,-58.446681
1575.00,-34.589813,-58.388666
1575.00,-34.599153,-58.491221
1575.00,-34.636747,-58.492625
1575.00,-34.57782883,-58.44904154
1575.00,-34.5773569,-58.5102555
1575.00,-34.5876628,-58.5045122
1575.00,-34.556725,-58.461953
1575.00,-34.622774,-58.481018
1575.00,-34.677663,-58.475306
1575.00,-34.604068,-58.3927
1575.00,-34.637993,-58.451847
1575.00,-34.630292,-58.4170172
1575.00,-34.587717,-58.453012
1575.00,-34.615095,-58.473401
1575.00,-34.589085,-58.43724
1575.00,-34.539986,-58.475788
1575.00,-34.609831,-58.422462
1575.00,-34.626773,-58.468922
1575.00,-34.6113,-58.411751
1575.00,-34.597268,-58.403003
1575.00,-34.656053,-58.416637
1575.00,-34.61156,-58.373341
1640.00,-24.7947076,-65.4322727
1640.00,-24.769449,-65.443309
1640.00,-24.812077,-65.383161
1640.00,-24.7873,-65.4107
1575.00,-34.624834,-58.367568
1575.00,-34.604591,-58.472275
1575.00,-34.63327,-58.477987
1575.00,-34.594326,-58.445911
1575.00,-34.617935,-58.409058
1575.00,-34.639506,-58.412139
1575.00,-34.615713,-58.412566
1575.00,-34.662236,-58.439789
1575.00,-34.4887679,-58.7246946
1575.00,-34.6574848,-58.5407918
1575.00,-34.647481,-58.796414
1575.00,-34.7920076,-58.3575072
1575.00,-34.6498757,-58.6504339
1575.00,-34.7735937,-58.384968
1575.00,-34.5096952,-58.7296151
1575.00,-33.149666,-59.316711
1575.00,-34.691239,-58.337871
1575.00,-31.3822684,-58.014364
1575.00,-31.7594788,-60.5276976
1575.00,-29.1452083,-59.2625031
1575.00,-38.3814993,-60.2758305
1575.00,-34.6552826,-58.4759022
1575.00,-34.630227,-58.462879
1575.00,-32.036205,-60.308697
1575.00,-35.441361,-58.805485
1575.00,-32.426197,-63.738309
1575.00,-32.172918,-60.200586
1575.00,-35.9707542,-62.7318736
1575.00,-34.6728176,-58.4994401
1575.00,-34.661258,-58.364139
1575.00,-34.645778,-58.420358
1640.00,-24.79814367,-65.37696159
1575.00,-34.6464005,-58.5403633
1575.00,-35.124191,-60.477344
1575.00,-34.938204,-58.618433
1575.00,-34.5949673,-58.5497485
1575.00,-34.7659401,-58.605865
1575.00,-33.6894953,-59.6749841
1575.00,-34.197124,-60.737495
1575.00,-34.6859642,-58.3981991
1575.00,-34.5009479,-58.6917717
1575.00,-34.6100551,-58.5628348
1575.00,-33.12701,-59.502824
1575.00,-34.567597,-58.57141
1575.00,-34.58043,-59.103923
1575.00,-34.744449,-58.592428
1575.00,-34.815175,-58.466232
1575.00,-34.700548,-58.58616
1575.00,-34.461313,-58.576409
1575.00,-34.517515,-58.6722308
1575.00,-34.478267,-58.624139
1575.00,-34.606224,-58.685786
1575.00,-34.951727,-57.969232
1575.00,-37.994395,-57.55446
1575.00,-34.592328,-58.624369
1575.00,-34.5514763,-58.5119118
1575.00,-37.986952,-57.583129
1575.00,-34.7823585,-58.314263
1575.00,-37.845058,-58.253254
1575.00,-34.52184,-58.739817
1575.00,-34.636677,-58.802593
1575.00,-34.573355,-59.115607
1575.00,-34.603212,-58.635229
1575.00,-34.9221623,-57.9626283
1575.00,-33.8128461,-59.5085998
1575.00,-34.9569782,-57.9707098
1575.00,-34.42082,-58.73481
1575.00,-34.5198419,-58.7211139
1575.00,-34.9542317,-57.9658855
1575.00,-34.7306744,-58.2488671
1575.00,-34.5336568,-58.5576519
1575.00,-34.6493809,-58.624186
1575.00,-34.534678,-58.704199
1575.00,-34.765737,-58.274566
1575.00,-32.48258,-58.22749
1575.00,-33.82414,-59.51679
1575.00,-34.80219,-58.40724
1575.00,-36.31759,-57.68835
1575.00,-35.02018,-58.42712
1575.00,-36.24093,-61.1282
1575.00,-31.3889553,-58.0152199
1575.00,-32.8890581,-60.7244963
1575.00,-32.37007,-58.87627
1640.00,-24.9856165,-65.5777397
1640.00,-25.4987985,-64.9705319
1339.00,-40.800032,-62.893452
1339.00,-40.798007,-62.969036
1339.00,-40.186761,-62.618364
1851.00,-31.36418,-64.216945
1290.00,-33.00761,-60.666142
1851.00,-31.434051,-64.142987
1851.00,-24.830882,-65.428647
1421.00,-32.929628,-68.857104
1495.00,-26.794944,-65.206898
1851.00,-31.520936,-68.541975
1318.00,-27.413327,-58.968677
1851.00,-27.767976,-64.251963
1851.00,-32.87535,-68.83064
1380.00,-32.991736,-58.521853
1619.00,-34.704182,-58.316933
1619.00,-34.604698,-58.437856
1619.00,-34.604107,-58.459865
1379.00,-34.586322,-58.519449
1619.00,-34.633500,-58.370104
1380.00,-24.789072,-65.413699
1619.00,-34.615542,-58.415062
1379.00,-34.595813,-58.395425
1379.00,-34.186540,-58.945418
1619.00,-34.609241,-58.384045
1619.00,-34.582216,-58.421027
1619.00,-34.596712,-58.412794
1619.00,-34.722369,-58.339005
1619.00,-34.616267,-58.431839
1379.00,-34.633337,-58.764283
1800.00,-43.257504,-65.305489
1619.00,-34.574828,-58.436126
1379.00,-34.577279,-58.449064
1619.00,-34.605878,-58.425651
1380.00,-26.181410,-58.166895
1619.00,-34.585727,-58.388055
1619.00,-34.502410,-58.668448
1619.00,-34.735217,-58.433859
1379.00,-34.580520,-58.410332
1619.00,-34.659228,-58.512962
1619.00,-34.602928,-58.423044
1575.00,-36.893694,-60.321650
1619.00,-34.665273,-58.728113
1419.00,-31.406416,-64.205613
1619.00,-34.617216,-58.445240
1619.00,-34.729203,-58.352892
1379.00,-34.454933,-58.894408
1619.00,-34.602404,-58.432602
1379.00,-34.603431,-58.592464
1619.00,-34.591204,-58.395574
1740.00,-38.946820,-68.110433
1619.00,-34.608199,-58.441521
1619.00,-34.605721,-58.392703
1619.00,-34.648019,-58.620217
1619.00,-34.653232,-58.507257
1380.00,-26.830278,-65.202010
1619.00,-34.573102,-58.451281
1619.00,-34.545639,-58.459569
1379.00,-34.608259,-58.380533
1619.00,-34.859301,-58.386273
1380.00,-26.814605,-65.209515
1619.00,-34.634333,-58.435797
1379.00,-34.608489,-58.421617
1619.00,-34.639449,-58.458543
1419.00,-31.430384,-64.187869
1379.00,-34.679311,-58.727992
1619.00,-34.590737,-58.393414
1419.00,-31.412863,-64.163689
1619.00,-34.591312,-58.412544
1619.00,-34.597862,-58.426805
1619.00,-34.609696,-58.438723
1275.00,-31.346646,-64.269297
1380.00,-33.744187,-61.982983
1619.00,-34.593956,-58.412910
1419.00,-31.420240,-64.189650
1619.00,-34.612645,-58.423957
1619.00,-34.627790,-58.360295
1379.00,-34.504534,-58.493843
1619.00,-34.602748,-58.395363
1619.00,-34.607887,-58.391361
1419.00,-31.412485,-64.185278
1619.00,-34.631045,-58.452608
1229.00,-37.998923,-57.553648
1619.00,-34.572841,-58.489511
1619.00,-34.703558,-58.743391
1619.00,-34.583171,-58.427612
1379.00,-34.611076,-58.941293
1419.00,-31.420530,-64.499099
1619.00,-34.760264,-58.206631
1619.00,-34.580624,-58.440150
1619.00,-34.550588,-58.554484
1619.00,-34.598396,-58.497333
1619.00,-34.461333,-58.527173
1380.00,-24.779652,-65.427437
1619.00,-34.603633,-58.416192
1619.00,-34.612145,-58.480997
1619.00,-34.567072,-58.454065
1619.00,-34.667069,-58.472973
1619.00,-34.612364,-58.412625
1619.00,-34.628636,-58.366311
1619.00,-34.750544,-58.586041
1619.00,-34.571795,-58.479950
1380.00,-32.885049,-68.848197
1800.00,-41.136201,-71.296792
1619.00,-34.595790,-58.500059
1619.00,-34.567588,-58.486436
1379.00,-34.609491,-58.398323
1379.00,-34.812068,-58.399417
1619.00,-34.602301,-58.561930
1619.00,-34.622603,-58.391341
1619.00,-34.555471,-58.479994
1800.00,-51.622680,-69.212840
1619.00,-34.608803,-58.448623
1619.00,-34.710793,-58.422569
1419.00,-31.382931,-64.133611
1379.00,-34.893655,-57.996156
1619.00,-34.600654,-58.488135
1549.00,-33.900993,-60.551755
1619.00,-34.753173,-58.238291
1619.00,-34.593559,-58.445668
1619.00,-34.605397,-58.595000
1619.00,-34.408965,-58.771632
1379.00,-34.470353,-58.514687
1619.00,-34.638410,-58.373366
1619.00,-34.610019,-58.402456
1379.00,-34.602094,-58.489299
1619.00,-34.649025,-58.499531
1619.00,-34.657320,-58.762946
1379.00,-34.883091,-58.388230
1379.00,-34.748145,-58.411227
1619.00,-34.588803,-58.400575
1365.00,-24.184117,-65.305676
1619.00,-34.578743,-58.469274
1380.00,-28.472753,-65.778434
1740.00,-39.030326,-67.573775
1619.00,-34.597280,-58.376975
1619.00,-34.628317,-58.524049
1619.00,-34.616320,-58.458185
1619.00,-34.652803,-58.416088
1379.00,-34.577205,-58.494765
1549.00,-33.335962,-60.222474
1619.00,-34.752493,-58.343235
1619.00,-34.690747,-58.408459
1619.00,-34.602154,-58.420866
1619.00,-34.567331,-58.472780
1619.00,-34.599869,-58.396275
1619.00,-34.697473,-58.507265
1619.00,-34.585892,-58.454272
1379.00,-34.627423,-58.458170
1619.00,-34.618327,-58.429695
1380.00,-33.675929,-65.469225
1619.00,-34.570618,-58.491897
1619.00,-34.675977,-58.477049
1275.00,-31.393915,-64.242835
1619.00,-34.614164,-58.396894
1619.00,-34.572189,-58.446058
1619.00,-34.603042,-58.391768
1800.00,-42.766295,-65.035411
1619.00,-34.613680,-58.388254
1619.00,-34.644703,-58.464687
1619.00,-34.606446,-58.497733
1619.00,-34.624687,-58.451248
1619.00,-34.690047,-58.689142
1380.00,-27.477092,-58.815872
1379.00,-34.610359,-58.516538
1619.00,-34.632222,-58.375998
1619.00,-34.605370,-58.370312
1619.00,-34.579005,-58.490393
1619.00,-34.648760,-58.618429
1619.00,-34.557692,-58.448568
1380.00,-31.725619,-60.533681
1379.00,-34.516305,-58.494552
1619.00,-34.685119,-58.474576
1379.00,-34.528883,-58.701631
1619.00,-34.619772,-58.428125
1619.00,-34.851160,-58.077030
1229.00,-37.953878,-57.579192
1619.00,-34.707006,-58.438947
1379.00,-34.595836,-58.473941
1619.00,-34.636910,-58.499466
1619.00,-34.620294,-58.392204
1800.00,-45.861562,-67.479968
1619.00,-34.564492,-58.455869
1365.00,-43.258861,-65.329062
1619.00,-34.557057,-58.445842
1619.00,-34.582298,-58.451840
1419.00,-31.423028,-64.186152
1619.00,-34.704435,-58.582955
1619.00,-34.611868,-58.370576
1619.00,-34.588563,-58.573821
1619.00,-34.587782,-58.397900
1649.00,-53.785009,-67.702990
1619.00,-34.618745,-58.374322
1419.00,-31.397275,-64.187064
1619.00,-34.595055,-58.392000
1619.00,-34.554653,-58.460290
1549.00,-32.904529,-60.727936
1800.00,-43.251438,-65.309592
1619.00,-34.588997,-58.409050
1619.00,-34.620215,-58.441631
1379.00,-34.587468,-58.412707
1380.00,-32.868658,-68.852646
1379.00,-34.487198,-58.505871
1619.00,-34.639022,-58.504957
1380.00,-26.812900,-65.292314
1619.00,-34.616074,-58.464286
1379.00,-34.492689,-58.499192
1619.00,-34.601510,-58.437085
1619.00,-34.485221,-58.726521
1379.00,-34.527628,-58.535824
1619.00,-34.635325,-58.396301
1619.00,-34.598185,-58.444983
1619.00,-34.889129,-58.385270
1619.00,-34.576803,-58.486598
1419.00,-31.380407,-64.170625
1619.00,-34.614787,-58.505674
1619.00,-34.580526,-58.405894
1619.00,-34.574478,-58.473047
1619.00,-34.617774,-58.438367
1379.00,-34.591972,-58.636447
1619.00,-34.573878,-58.442051
1419.00,-31.425267,-64.179609
1619.00,-34.586854,-58.401466
1619.00,-34.589234,-58.504504
1619.00,-34.604167,-58.371478
1379.00,-34.574379,-58.482128
1619.00,-34.697534,-58.625616
1379.00,-34.598762,-58.403084
1549.00,-32.942435,-60.657028
1379.00,-34.162738,-58.965513
1619.00,-34.554987,-58.490865
1619.00,-34.636459,-58.359430
1380.00,-33.302748,-66.336848
1619.00,-34.619005,-58.403897
1379.00,-34.639341,-58.374389
1619.00,-34.696830,-58.535934
1619.00,-34.608190,-58.953570
1380.00,-31.534016,-68.524744
1619.00,-34.657114,-58.518180
1619.00,-34.581280,-58.449050
1619.00,-34.560168,-58.463180
1619.00,-34.620882,-58.475217
1380.00,-24.781285,-65.401667
1619.00,-34.617797,-58.422220
1619.00,-34.561264,-58.464248
1380.00,-33.036676,-68.878842
1619.00,-34.620277,-58.506577
1619.00,-34.567226,-58.456531
1619.00,-34.641224,-58.521055
1619.00,-34.751654,-58.583439
1619.00,-34.543233,-58.463148
1619.00,-34.585915,-58.394398
1379.00,-34.613200,-58.523415
1619.00,-34.691937,-58.482500
1379.00,-34.574635,-58.403801
1619.00,-34.589617,-58.632800
1619.00,-34.603636,-58.379641
1379.00,-34.558821,-58.459349
1619.00,-34.673516,-58.406289
1619.00,-34.684697,-58.386613
1619.00,-34.623822,-58.427300
1619.00,-34.576785,-58.430994
1379.00,-34.532302,-58.468176
1619.00,-34.587997,-58.390467
1619.00,-34.603848,-58.433412
1619.00,-34.593274,-58.502323
1619.00,-34.653948,-58.518970
1619.00,-34.591563,-58.379252
1619.00,-34.553375,-58.462109
1619.00,-34.557292,-58.465851
1619.00,-34.605633,-58.564882
1380.00,-28.477093,-65.778283
1800.00,-46.444906,-67.533789
1380.00,-26.190381,-58.187564
1549.00,-33.331816,-60.220188
1619.00,-34.606155,-58.376453
1619.00,-34.622738,-58.433150
1380.00,-29.411481,-66.856755
1619.00,-34.602117,-58.398071
1619.00,-34.566538,-58.431944
1619.00,-34.575503,-58.535853
1379.00,-34.611087,-58.460584
1419.00,-31.423132,-64.184088
1379.00,-34.620610,-58.633769
1619.00,-34.612572,-58.377673
1619.00,-34.720952,-58.363081
1595.00,-36.604293,-64.280899
1619.00,-34.615452,-58.475326
1619.00,-34.612239,-58.386223
1619.00,-34.616166,-58.376096
1619.00,-34.579302,-58.424094
1619.00,-34.597675,-58.380133
1619.00,-34.638023,-58.527606
1619.00,-34.453474,-58.538348
1619.00,-34.645017,-58.590601
1619.00,-34.689440,-58.479593
1379.00,-34.491603,-58.627670
1379.00,-34.541198,-58.563095
1419.00,-31.425978,-64.192761
1380.00,-31.754009,-60.511242
1619.00,-34.599811,-58.433801
1619.00,-34.621316,-58.436261
1365.00,-33.902945,-60.568849
1419.00,-31.389743,-64.183702
1419.00,-31.411817,-64.209985
1619.00,-34.611069,-58.506326
1380.00,-38.720410,-62.267942
1229.00,-37.324111,-59.114568
1619.00,-34.612879,-58.393293
1379.00,-34.575946,-58.433486
1379.00,-34.441795,-58.553738
1379.00,-34.113272,-59.020315
1619.00,-34.574055,-58.420475
1619.00,-34.500302,-58.694886
1619.00,-34.631451,-58.485336
1619.00,-34.605506,-58.389230
1380.00,-31.722868,-60.529162
1619.00,-34.640941,-58.479166
1595.00,-36.618338,-64.291249
1619.00,-34.586508,-58.398127
1619.00,-34.594558,-58.401673
1619.00,-34.621333,-58.368478
1619.00,-34.657250,-58.710554
1619.00,-34.633706,-58.482029
1379.00,-34.715471,-58.298863
1619.00,-34.601987,-58.371949
1619.00,-34.622468,-58.385616
1619.00,-34.697531,-58.601259
1619.00,-34.780470,-58.263130
1619.00,-34.531045,-58.575409
1619.00,-34.605069,-58.419242
1619.00,-34.555786,-58.462146
1419.00,-31.415653,-64.183859
1619.00,-34.598084,-58.500119
1379.00,-34.768774,-58.411275
1619.00,-34.586626,-58.419375
1619.00,-34.611147,-58.433683
1619.00,-34.602612,-58.496460
1619.00,-34.490709,-58.843137
1800.00,-42.775492,-65.048586
1619.00,-34.636786,-58.403169
1619.00,-34.555966,-58.450046
1649.00,-54.815339,-68.334293
1619.00,-34.618097,-58.392208
1619.00,-34.596671,-58.442255
1619.00,-34.597880,-58.403782
1380.00,-27.438800,-58.987383
1379.00,-34.661465,-58.368212
1379.00,-34.453587,-58.575528
1619.00,-34.638635,-58.415077
1619.00,-34.597351,-58.374515
1619.00,-34.637117,-58.496795
1619.00,-34.648144,-58.415872
1619.00,-34.550187,-58.476600
1419.00,-31.422657,-64.180026
1619.00,-34.729681,-58.263922
1419.00,-31.413448,-64.192041
1619.00,-34.599933,-58.376924
1619.00,-34.650917,-58.525740
1379.00,-34.599232,-58.390542
1379.00,-34.780839,-58.457944
1619.00,-34.583109,-58.423667
1379.00,-34.664628,-58.597356
1619.00,-34.604525,-58.394643
1619.00,-34.612570,-58.486073
1619.00,-34.628516,-58.452100
1619.00,-34.601172,-58.399768
1619.00,-34.706481,-58.389854
1380.00,-32.894355,-68.845102
1619.00,-34.530695,-58.524438
1619.00,-34.598783,-58.385461
1380.00,-33.364039,-69.144079
1619.00,-34.600568,-58.511327
1619.00,-34.586703,-58.481354
1619.00,-34.594016,-58.381012
1619.00,-34.571129,-58.488380
1619.00,-34.627247,-58.383000
1619.00,-34.609305,-58.379243
1619.00,-34.540539,-58.472052
890.00,-24.188920,-65.303701
1365.00,-31.737845,-60.524741
1575.00,-32.934019,-60.702038
1619.00,-34.584822,-58.400040
1619.00,-34.614357,-58.429970
1379.00,-34.449813,-58.916319
1619.00,-34.592437,-58.410869
1619.00,-34.641073,-58.526236
1379.00,-34.735911,-58.277988
1619.00,-34.773098,-58.645218
1419.00,-31.428959,-64.191160
1379.00,-34.557290,-58.550437
1619.00,-34.615032,-58.409057
1380.00,-31.741747,-60.541261
1619.00,-34.449447,-58.797046
1619.00,-34.604003,-58.429635
1379.00,-34.529452,-58.480779
1619.00,-34.828180,-58.390159
1380.00,-32.903094,-68.852428
1379.00,-34.603902,-58.383077
1619.00,-34.677984,-58.474262
1549.00,-32.970122,-60.628560
1740.00,-38.958858,-68.058932
1619.00,-34.546306,-58.463162
1379.00,-34.480984,-58.553074
1619.00,-34.610954,-58.419102
1379.00,-34.590140,-58.405533
1619.00,-34.625470,-58.429930
1619.00,-34.575875,-58.538738
1800.00,-51.628210,-69.246761
1619.00,-34.601177,-58.378613
1379.00,-34.561648,-59.103745
1379.00,-34.395347,-58.738836
1619.00,-34.579708,-58.434125
1380.00,-33.125271,-64.349014
1619.00,-34.611219,-58.373340
1619.00,-34.564601,-58.464260
1619.00,-34.720261,-58.254951
1379.00,-34.461340,-58.629233
1619.00,-34.609409,-58.486038
1229.00,-38.000667,-57.547721
1619.00,-34.617396,-58.378826
1419.00,-31.417677,-64.196820
1619.00,-34.659390,-58.562079
1619.00,-34.596862,-58.399571
1649.00,-53.774139,-67.721621
1379.00,-34.663863,-58.514126
1379.00,-34.613219,-58.382776
1380.00,-31.368882,-58.011377
1379.00,-34.589507,-58.422997
1619.00,-34.561751,-58.462283
1379.00,-34.913497,-57.951821
1379.00,-34.633237,-58.521966
1619.00,-34.788541,-58.522473
1619.00,-34.591420,-58.446921
1619.00,-34.601074,-58.494608
1619.00,-34.630139,-58.462242
1619.00,-34.580779,-58.413292
1229.00,-37.326474,-59.135087
1275.00,-31.300019,-64.276462
1380.00,-26.830652,-65.206887
1379.00,-34.553168,-58.465770
1419.00,-31.402219,-64.232631
1379.00,-34.623596,-58.449251
1619.00,-34.553982,-58.436642
1419.00,-31.427629,-64.185973
1619.00,-34.577198,-58.422356
1419.00,-31.390962,-64.184520
1619.00,-34.815906,-58.427561
1380.00,-27.467798,-58.834021
1619.00,-34.610358,-58.391532
1619.00,-34.598622,-58.378291
1619.00,-34.808046,-58.275429
1379.00,-34.610492,-58.412303
1619.00,-34.635113,-58.405779
1619.00,-34.697530,-58.302113
1619.00,-34.631998,-58.361300
1379.00,-34.495405,-58.545723
1619.00,-34.629168,-58.442438
1379.00,-34.779585,-58.279265
1619.00,-34.597497,-58.484575
1619.00,-34.676217,-58.563547
1619.00,-34.560829,-58.466181
1619.00,-34.581140,-58.473713
1619.00,-34.599672,-58.372053
1619.00,-34.603522,-58.471445
1379.00,-34.406164,-58.619971
1619.00,-34.615701,-58.438275
1575.00,-36.908071,-60.314098
1619.00,-34.606964,-58.443773
1619.00,-34.624494,-58.464622
1380.00,-32.908234,-68.789274
1619.00,-34.584938,-58.488307
1619.00,-34.720449,-58.462849
1619.00,-34.609566,-58.443746
1619.00,-34.610752,-58.414782
1619.00,-34.651978,-58.515854
1800.00,-45.870032,-67.532667
1619.00,-34.525713,-58.548663
1619.00,-34.647473,-58.519847
1619.00,-34.598161,-58.438436
1619.00,-34.424942,-58.577980
1619.00,-34.624098,-58.371153
1619.00,-34.596288,-58.384178
1619.00,-34.565687,-59.119412
1380.00,-31.748447,-60.524946
1380.00,-31.396866,-58.018603
1619.00,-34.557442,-58.453504
1380.00,-31.726740,-60.524157
1619.00,-34.562325,-58.466949
1380.00,-32.877586,-68.855222
1619.00,-34.665985,-58.699257
1619.00,-34.599262,-58.387552
1619.00,-34.592701,-58.394831
1619.00,-34.650719,-58.490753
1275.00,-31.455534,-64.166095
1379.00,-34.647756,-58.688217
1619.00,-34.629844,-58.399654
1619.00,-34.641982,-58.514266
1549.00,-32.951847,-60.670442
1380.00,-31.730408,-60.528649
1379.00,-34.565100,-58.462056
1379.00,-34.553106,-58.698256
1419.00,-31.426127,-64.183581
1619.00,-34.596320,-58.388332
1619.00,-34.604980,-58.406744
1379.00,-34.923011,-57.949931
1619.00,-34.605415,-58.523705
1379.00,-34.585933,-58.501809
1619.00,-34.557913,-58.463202
1447.99,-34.474499,-58.574853
1447.99,-34.6379202,-58.502751
1447.99,-34.6027526,-58.4114132
1447.99,-34.7437163,-58.2891868
1447.99,-32.871591,-68.843574
1447.99,-34.7247168,-58.25613889999
1447.99,-34.5810538,-58.5418252
